Ana kategori,Alt 1.,links
Anne & Çocuk,Bebek,https://www.trendyol.com/bebek-giyim-x-c104158
Anne & Çocuk,Bebek Bakım,https://www.trendyol.com/anne-bebek-bakim-x-c101414
Anne & Çocuk,Erkek Çocuk,https://www.trendyol.com/sr/cocuk-giyim-x-g3-c82?gag=2-2
Anne & Çocuk,Kız Çocuk,https://www.trendyol.com/sr/cocuk-giyim-x-g3-c82?gag=2-2
Anne & Çocuk,Oyuncak,https://www.trendyol.com/oyuncak-x-c90
Ayakkabı & Çanta,Erkek Ayakkabı,https://www.trendyol.com/kadin-ayakkabi-x-g1-c114
Ayakkabı & Çanta,Erkek Çanta,https://www.trendyol.com/erkek-canta-x-g2-c117
Ayakkabı & Çanta,Kadın Ayakkabı,https://www.trendyol.com/kadin-ayakkabi-x-g1-c114
Ayakkabı & Çanta,Kadın Çanta,https://www.trendyol.com/kadin-canta-x-g1-c117
Ayakkabı & Çanta,Lüks & Designer,"https://www.trendyol.com/sr?wc=117,114&bu=100161&sst=BEST_SELLER"
Ayakkabı & Çanta,Çocuk Ayakkabı,https://www.trendyol.com/cocuk-ayakkabi-x-g3-c114
Ayakkabı & Çanta,Çocuk Çanta,https://www.trendyol.com/cocuk-canta-x-g3-c117
Elektronik,Beyaz Eşya,https://www.trendyol.com/beyaz-esya-x-c103613
Elektronik,Bilgisayar & Tablet,"https://www.trendyol.com/sr?wc=108656,103665"
Elektronik,Dijital Kod & Ürünler,https://www.trendyol.com/dijital-kod-urunler-x-c109056
Elektronik,Foto & Kamera,https://www.trendyol.com/foto-ve-kamera-x-c104037
Elektronik,Giyilebilir Teknoloji,https://www.trendyol.com/giyilebilir-teknoloji-x-c144430
Elektronik,Kişisel Bakım Aletleri,https://www.trendyol.com/kisisel-bakim-aletleri-x-c103109
Elektronik,Küçük Ev Aletleri,https://www.trendyol.com/elektrikli-ev-aletleri-x-c1104
Elektronik,Telefon,https://www.trendyol.com/telefon-x-c104025
Elektronik,TV & Görüntü & Ses,https://www.trendyol.com/tv-goruntu-ses-sistemleri-x-c104035
Erkek,Aksesuar,https://www.trendyol.com/erkek-aksesuar-x-g2-c27
Erkek,Büyük Beden,https://www.trendyol.com/erkek-buyuk-beden-x-g2-c80
Erkek,Giyim,https://www.trendyol.com/erkek-giyim-x-g2-c82
Erkek,Kişisel Bakım,https://www.trendyol.com/sr/erkek-kozmetik-x-g2-c89
Erkek,Spor & Outdoor,https://www.trendyol.com/sr/erkek-spor-outdoor-x-g2-c104593
Erkek,İç Giyim,https://www.trendyol.com/erkek-ic-giyim-x-g2-c64
Ev & Mobilya,Aydınlatma,https://www.trendyol.com/aydinlatma-x-c1365
Ev & Mobilya,Ev Dekorasyon,https://www.trendyol.com/ev-dekorasyon-x-c95
Ev & Mobilya,Ev Gereçleri,https://www.trendyol.com/sr?wc=104216
Ev & Mobilya,Ev Tekstili,https://www.trendyol.com/ev-tekstili-x-c94
Ev & Mobilya,Mobilya,https://www.trendyol.com/mobilya-x-c1119
Ev & Mobilya,Otomobil & Motosiklet,https://www.trendyol.com/otomobil-ve-motosiklet-x-c105777
Ev & Mobilya,Sofra & Mutfak,https://www.trendyol.com/sofra-mutfak-x-c1354
Ev & Mobilya,Spor & Outdoor,https://www.trendyol.com/spor-aletleri-x-c104192
Ev & Mobilya,Yapı Market,https://www.trendyol.com/yapi-market-x-c103720
Kadın,Aksesuar,https://www.trendyol.com/kadin-aksesuar-x-g1-c27
Kadın,Ev & İç Giyim,https://www.trendyol.com/kadin-ic-giyim-x-g1-c64
Kadın,Giyim,https://www.trendyol.com/kadin-giyim-x-g1-c82
Kadın,Kozmetik,https://www.trendyol.com/kozmetik-x-c89
Kadın,Spor & Outdoor,https://www.trendyol.com/sr/kadin-spor-outdoor-x-g1-c104593
Kitap & Kırtasiye & Hobi,Boya & Sanatsal Malzemeler,"https://www.trendyol.com/sr?wc=103798,103788,104126"
Kitap & Kırtasiye & Hobi,Din Ve Mitoloji,https://www.trendyol.com/din-mitoloji-x-c104375
Kitap & Kırtasiye & Hobi,Drone,https://www.trendyol.com/drone-ve-drone-aksesuarlari-x-c164208
Kitap & Kırtasiye & Hobi,E-Kitap Okuyucu,https://www.trendyol.com/dijital-dergi-kitap-x-c104372
Kitap & Kırtasiye & Hobi,Eğitim,https://www.trendyol.com/egitim-kitabi-x-c104356
Kitap & Kırtasiye & Hobi,Hediyelik Ürünler,https://www.trendyol.com/hediyelik-urunler-x-c110312
Kitap & Kırtasiye & Hobi,Hobi Malzemeleri,https://www.trendyol.com/hobi-malzemeleri-x-c104142
Kitap & Kırtasiye & Hobi,"Hobi, Sanat, Akademik",https://www.trendyol.com/hobi-sanat-akademik-x-c142658
Kitap & Kırtasiye & Hobi,Kalem,https://www.trendyol.com/sr?wc=1080&os=1&sk=1
Kitap & Kırtasiye & Hobi,Kişisel Gelişim,https://www.trendyol.com/kisisel-gelisim-psikoloji-x-c104342
Kitap & Kırtasiye & Hobi,Kırtasiye,https://www.trendyol.com/kisisel-gelisim-psikoloji-x-c104342
Kitap & Kırtasiye & Hobi,Müzik Aletleri,https://www.trendyol.com/muzik-x-c1357
Kitap & Kırtasiye & Hobi,Oyun Grupları,https://www.trendyol.com/oyun-gruplari-x-c108703
Kitap & Kırtasiye & Hobi,Parti Malzemeleri,https://www.trendyol.com/parti-malzemeleri-x-c1136
Kitap & Kırtasiye & Hobi,Roman ve Edebiyat,https://www.trendyol.com/roman-hikaye-ve-edebiyat-x-c142659
Kitap & Kırtasiye & Hobi,Uzaktan Kumandalı Araçlar,https://www.trendyol.com/uzaktan-kumandali-araclar-x-c104569
Kitap & Kırtasiye & Hobi,Yabancı Dil Kitaplar,https://www.trendyol.com/yabanci-dil-kitaplar-x-c104320
Kitap & Kırtasiye & Hobi,Çakmak Ürünleri,https://www.trendyol.com/tutun-tutun-aksesuarlari-x-c144491
Kitap & Kırtasiye & Hobi,"Çizgi Roman, Dergi ve Gazete",https://www.trendyol.com/cizgi-roman-mizah-x-c104393
Kitap & Kırtasiye & Hobi,Çocuk ve Ebeveyn Kitapları,https://www.trendyol.com/cocuk-bakimi-ebeveynlik-x-c104408
Kitap & Kırtasiye & Hobi,"İş, Ekonomi & Pazarlama",https://www.trendyol.com/is-ekonomi-pazarlama-x-c104335
Spor & Outdoor,Bisiklet,https://www.trendyol.com/bisiklet-x-c104580
Spor & Outdoor,Evde Spor Aletleri,https://www.trendyol.com/spor-aletleri-x-c104192
Spor & Outdoor,Fitness Kondisyon,https://www.trendyol.com/fitness-ve-kondisyon-x-c104273
Spor & Outdoor,Spor Malzemeleri,https://www.trendyol.com/spor-aletleri-x-c104192
Spor & Outdoor,Sporcu Besinleri,https://www.trendyol.com/sporcu-besini-supplementler-x-c105131
Spor & Outdoor,Top,https://www.trendyol.com/top-x-c104281
Süpermarket,Atıştırmalık,https://www.trendyol.com/atistirmalik-x-c103947
Süpermarket,Bebek Bakım,https://www.trendyol.com/anne-bebek-bakim-x-c101414
Süpermarket,Ev & Temizlik,https://www.trendyol.com/ev-bakim-ve-temizlik-x-c105478
Süpermarket,Gıda ve İçecek,https://www.trendyol.com/gida-ve-icecek-x-c103946
Süpermarket,Petshop,https://www.trendyol.com/pet-shop-x-c1142
